City_ID,City,Lat,Lng,Max Temp,Humidity,Cloudiness,Wind Speed,Country,Date
0,scarborough,54.2797,-0.4044,279.78,86,64,1.79,GB,1681166882
1,yerbogachen,61.2767,108.0108,253.93,100,94,1.82,RU,1681167063
2,nanortalik,60.1432,-45.2371,274.13,93,100,2.32,GL,1681167064
3,mount gambier,-37.8333,140.7667,285.62,79,89,2.04,AU,1681167064
4,hobart,-42.8794,147.3294,286.63,89,75,4.12,AU,1681167065
5,nagua,19.3832,-69.8474,300.18,78,40,0.0,DO,1681167065
6,qaanaaq,77.484,-69.3632,249.66,75,0,1.16,GL,1681167067
7,cape town,-33.9258,18.4232,288.77,69,40,2.06,ZA,1681166706
8,katangli,51.7102,143.2326,270.96,71,14,0.59,RU,1681167069
9,ahuimanu,21.4447,-157.8378,301.99,68,20,8.75,US,1681167069
10,arkul,57.2808,50.044,273.28,81,20,0.88,RU,1681167070
11,bosaso,11.2842,49.1816,301.09,68,2,1.49,SO,1681167071
12,geraldton,-28.7667,114.6,292.38,68,100,4.12,AU,1681167072
13,dingle,10.9995,122.6711,298.5,81,100,2.25,PH,1681167073
14,leningradskiy,69.3833,178.4167,254.3,83,82,2.46,RU,1681167073
15,albany,42.6001,-73.9662,291.38,54,17,2.09,US,1681166917
16,daugavpils,55.8833,26.5333,281.28,84,81,2.15,LV,1681167075
17,ushuaia,-54.8,-68.3,278.96,81,75,12.86,AR,1681167076
18,hermanus,-34.4187,19.2345,284.71,72,96,3.08,ZA,1681167076
19,vila do maio,15.1333,-23.2167,295.59,68,63,6.52,CV,1681167077
20,college,64.8569,-147.8028,262.92,58,75,0.0,US,1681167078
21,rikitea,-23.1203,-134.9692,297.86,70,92,3.04,PF,1681167078
22,vaini,-21.2,-175.2,302.24,74,20,5.14,TO,1681167079
23,butaritari,3.0707,172.7902,300.24,82,78,5.43,KI,1681167080
24,saint-philippe,-21.3585,55.7679,295.92,83,100,3.15,RE,1681167081
25,rio gallegos,-51.6226,-69.2181,282.18,43,0,9.26,AR,1681167082
26,katsuura,35.1333,140.3,291.16,68,2,8.99,JP,1681167083
27,jawa,31.8525,35.9393,288.32,72,40,2.06,JO,1681167084
28,sechura,-5.5569,-80.8222,301.72,66,100,3.31,PE,1681167084
29,mataura,-46.1927,168.8643,284.53,100,100,1.01,NZ,1681167085
30,yellowknife,62.456,-114.3525,273.44,74,100,7.2,CA,1681166868
31,faanui,-16.4833,-151.75,301.19,71,98,5.2,PF,1681167087
32,busselton,-33.65,115.3333,289.06,75,35,3.75,AU,1681167088
33,buckeye,33.3703,-112.5838,310.49,8,0,1.54,US,1681167046
34,bluff,-46.6,168.3333,284.71,97,100,6.91,NZ,1681167090
35,tuktoyaktuk,69.4541,-133.0374,264.15,86,100,4.63,CA,1681167091
36,hilo,19.7297,-155.09,300.34,76,95,3.13,US,1681167092
37,avarua,-21.2078,-159.775,300.18,65,27,3.6,CK,1681167093
38,codrington,-38.2667,141.9667,287.72,72,82,1.71,AU,1681167094
39,san ramon,37.7799,-121.978,299.59,57,0,5.14,US,1681167011
40,shetpe,44.1667,52.1167,287.2,54,100,2.22,KZ,1681167095
41,guerrero negro,27.9769,-114.0611,292.75,62,5,7.76,MX,1681167096
42,vardo,70.3705,31.1107,275.14,93,100,7.2,NO,1681167097
43,juneau,58.3019,-134.4197,279.94,63,75,6.69,US,1681167080
44,kaitangata,-46.2817,169.8464,286.76,96,99,2.29,NZ,1681167099
45,constitucion,-35.3333,-72.4167,288.54,96,100,3.27,CL,1681166892
46,lensk,60.7253,114.9278,262.16,91,100,0.26,RU,1681167100
47,mantua,45.1667,10.7833,283.76,72,98,0.89,IT,1681167101
48,ancud,-41.8697,-73.8203,286.91,99,98,3.61,CL,1681167101
49,jamestown,42.097,-79.2353,288.95,31,0,6.69,US,1681167103
50,rudnya,54.947,31.0934,280.21,68,9,0.54,RU,1681167103
51,le mars,42.7942,-96.1656,298.47,19,0,2.06,US,1681167104
52,batie,9.8833,-2.9167,302.28,43,37,1.62,BF,1681167104
53,necochea,-38.5473,-58.7368,286.13,69,67,6.06,AR,1681167105
54,nuuk,64.1835,-51.7216,274.49,86,20,2.57,GL,1681167105
55,manono,-7.3,27.4167,293.79,94,98,1.17,CD,1681167106
56,victoria,22.2855,114.1577,296.11,92,99,0.45,HK,1681166950
57,atuona,-9.8,-139.0333,300.56,80,17,6.98,PF,1681167108
58,kodiak,57.79,-152.4072,275.88,30,0,7.72,US,1681167108
59,manggar,-2.8833,108.2667,298.39,88,87,3.0,ID,1681167109
60,thompson,55.7435,-97.8558,285.24,40,75,7.72,CA,1681167110
61,ribeira grande,38.5167,-28.7,290.37,94,40,6.71,PT,1681167110
62,dikson,73.5069,80.5464,249.96,99,99,5.07,RU,1681167111
63,asau,46.4333,26.4,279.66,85,100,2.16,RO,1681167112
64,arraial do cabo,-22.9661,-42.0278,297.07,78,0,1.54,BR,1681167113
65,sitka,57.0531,-135.33,280.09,45,100,5.66,US,1681167114
66,lata,40.1629,-8.3327,286.52,98,46,1.19,PT,1681167114
67,talnakh,69.4865,88.3972,243.82,96,86,0.81,RU,1681167115
68,kem,64.9555,34.5793,274.12,91,100,1.53,RU,1681167117
69,chokurdakh,70.6333,147.9167,253.7,84,86,3.05,RU,1681167117
70,salinas,36.6777,-121.6555,299.57,70,0,8.75,US,1681166872
71,saint-francois,46.4154,3.9054,285.91,79,100,1.54,FR,1681167111
72,marrakesh,31.6315,-8.0083,297.19,35,26,3.09,MA,1681167119
73,lorengau,-2.0226,147.2712,299.65,85,99,2.52,PG,1681167120
74,banda aceh,5.5577,95.3222,298.86,83,79,1.77,ID,1681167120
75,saint-joseph,-21.3667,55.6167,297.3,81,100,2.67,RE,1681167121
76,tiznit,29.5833,-9.5,294.97,24,9,1.75,MA,1681167121
77,tiksi,71.6872,128.8694,247.86,100,60,0.49,RU,1681167123
78,te anau,-45.4167,167.7167,285.16,94,100,0.36,NZ,1681167125
79,punta arenas,-53.15,-70.9167,281.21,66,40,7.2,CL,1681166895
80,cidreira,-30.1811,-50.2056,295.39,86,30,3.45,BR,1681167127
81,alice springs,-23.7,133.8833,297.9,22,20,4.63,AU,1681167128
82,hithadhoo,-0.6,73.0833,300.91,67,10,1.35,MV,1681167128
83,marsh harbour,26.5412,-77.0636,295.81,78,100,13.83,BS,1681167129
84,dalvik,65.9702,-18.5286,278.11,99,100,1.91,IS,1681167130
85,honiara,-9.4333,159.95,298.85,89,100,1.68,SB,1681167131
86,bengkulu,-3.8004,102.2655,296.73,89,42,1.59,ID,1681167132
87,bethel,41.3712,-73.414,291.51,20,14,0.77,US,1681167133
88,penzance,50.1186,-5.5371,281.91,75,62,9.69,GB,1681167134
89,dunedin,-45.8742,170.5036,286.91,93,94,3.08,NZ,1681167135
90,asilah,35.465,-6.0348,286.13,61,11,2.11,MA,1681167135
91,bethanien,-26.502,17.1583,285.22,25,0,1.93,NA,1681167136
92,hasaki,35.7333,140.8333,292.71,66,0,8.39,JP,1681167137
93,kisangani,0.5167,25.2,296.04,81,97,1.09,CD,1681167138
94,suntar,62.1444,117.6319,258.92,95,100,0.18,RU,1681167139
95,eyl,7.9803,49.8164,300.23,79,48,4.73,SO,1681167139
96,constantine,36.365,6.6147,282.82,49,0,0.51,DZ,1681167140
97,provideniya,64.3833,-173.3,257.21,51,0,2.0,RU,1681167141
98,puerto ayora,-0.7393,-90.3518,304.13,82,71,2.24,EC,1681166999
99,ilulissat,69.2167,-51.1,281.16,39,52,9.77,GL,1681167142
100,tasiilaq,65.6145,-37.6368,275.24,91,99,4.92,GL,1681167144
101,vila velha,-20.3297,-40.2925,298.12,69,0,6.17,BR,1681167145
102,clyde river,70.4692,-68.5914,254.28,71,0,3.6,CA,1681167146
103,tual,-5.6667,132.75,301.65,72,75,2.14,ID,1681167147
104,upernavik,72.7868,-56.1549,254.97,94,95,7.05,GL,1681167147
105,ostersund,63.1792,14.6357,276.4,81,100,5.14,SE,1681166859
106,teknaf,20.8624,92.3058,296.96,60,0,1.39,BD,1681167149
107,mandalgovi,45.7625,106.2708,266.31,29,0,2.99,MN,1681167150
108,khatanga,71.9667,102.5,250.44,98,100,2.62,RU,1681167151
109,yerkoy,39.6381,34.4672,283.51,90,58,0.9,TR,1681167153
110,chlumec,50.6997,13.9396,283.5,70,100,3.46,CZ,1681167154
111,chuy,-33.6971,-53.4616,292.29,88,26,3.41,UY,1681167071
112,zhicheng,30.2956,111.5047,291.97,85,71,1.83,CN,1681167156
113,iqaluit,63.7506,-68.5145,256.0,78,75,0.0,CA,1681167156
114,qaqortoq,60.7167,-46.0333,274.3,71,84,1.74,GL,1681167157
115,aklavik,68.2191,-135.0107,262.15,67,100,5.14,CA,1681167158
116,dharmadam,11.7833,75.4333,298.3,87,6,1.66,IN,1681167159
117,batagay-alyta,67.8006,130.4114,251.19,96,96,1.62,RU,1681167160
118,port elizabeth,-33.918,25.5701,288.76,72,0,8.75,ZA,1681167161
119,feijo,-8.1642,-70.3536,296.89,97,78,0.57,BR,1681167162
120,grand-santi,4.25,-54.3833,297.17,93,81,1.6,GF,1681167163
121,puerto madryn,-42.7692,-65.0385,286.07,63,100,8.78,AR,1681167163
122,sabha,27.0377,14.4283,289.31,17,39,3.88,LY,1681167164
123,barentu,15.1139,37.5928,301.32,23,1,2.18,ER,1681167164
124,port alfred,-33.5906,26.891,288.81,62,39,4.92,ZA,1681167165
125,himeji,34.8167,134.7,289.42,73,0,0.86,JP,1681167165
126,arrecife,28.963,-13.5477,293.14,68,0,8.75,ES,1681167166
127,esperance,-33.8667,121.9,290.68,71,64,8.93,AU,1681167166
128,zhanakorgan,43.9098,67.2495,285.77,67,62,3.54,KZ,1681167167
129,namibe,-15.1961,12.1522,295.98,76,54,0.81,AO,1681167167
130,olafsvik,64.8945,-23.7142,277.61,89,100,3.07,IS,1681167168
131,thomasville,35.8826,-80.082,290.26,32,19,1.77,US,1681166926
132,chiredzi,-21.05,31.6667,293.68,74,86,1.84,ZW,1681167169
133,mar del plata,-38.0023,-57.5575,289.87,79,100,5.66,AR,1681167077
134,barrow,71.2906,-156.7887,256.16,78,40,5.14,US,1681167170
135,hami,42.8,93.45,282.11,23,34,3.59,CN,1681167171
136,fortuna,40.5982,-124.1573,293.11,76,82,2.24,US,1681167146
137,gilbues,-9.8317,-45.3439,298.03,70,73,0.83,BR,1681167172
138,inuvik,68.3499,-133.7218,261.71,75,100,5.14,CA,1681167173
139,preobrazheniye,42.9019,133.9064,279.64,84,98,0.57,RU,1681167173
140,teacapan,22.55,-105.75,298.91,50,95,3.67,MX,1681167174
141,blind river,46.1834,-82.9582,282.21,69,80,3.41,CA,1681167174
142,chicama,-7.8447,-79.1469,301.45,73,52,3.8,PE,1681167175
143,bonthe,7.5264,-12.505,299.15,84,70,2.66,SL,1681167175
144,mahebourg,-20.4081,57.7,298.31,88,75,0.51,MU,1681167176
145,saint-augustin,51.226,-58.6502,274.95,84,89,4.41,CA,1681167177
146,bambous virieux,-20.3428,57.7575,298.29,88,75,0.51,MU,1681167177
147,cabedelo,-6.9811,-34.8339,300.52,75,100,4.35,BR,1681167178
148,hastings,50.8552,0.5729,283.31,34,2,10.55,GB,1681167178
149,kon tum,14.35,108.0,293.48,95,50,0.44,VN,1681167127
150,birjand,32.8663,59.2211,285.41,28,0,2.06,IR,1681166705
151,baruun-urt,46.6806,113.2792,263.76,35,20,11.15,MN,1681167180
152,namatanai,-3.6667,152.4333,300.47,78,100,0.84,PG,1681167181
153,doha,25.2867,51.5333,298.09,65,0,1.03,QA,1681167182
154,east london,-33.0153,27.9116,288.87,60,1,10.96,ZA,1681167183
155,cuiaba,-15.5961,-56.0967,301.11,78,20,2.57,BR,1681167014
156,arlit,18.7369,7.3853,302.79,15,99,4.5,NE,1681167184
157,los llanos de aridane,28.6585,-17.9182,292.01,68,0,4.12,ES,1681167185
158,nyurba,63.2842,118.3319,256.57,97,100,0.32,RU,1681167186
159,kapaa,22.0752,-159.319,300.14,78,75,7.72,US,1681167187
160,sandwick,60.0,-1.25,280.05,93,100,1.03,GB,1681167189
161,igarka,67.4667,86.5833,244.25,99,12,4.0,RU,1681167189
162,pittsburg,38.028,-121.8847,300.51,40,0,4.63,US,1681166904
163,maunabo,18.0072,-65.8993,300.44,86,4,2.94,PR,1681167191
164,padilla,3.2204,-76.3139,298.91,87,100,0.21,CO,1681167192
165,buraydah,26.326,43.975,290.4,59,65,4.8,SA,1681167193
166,luzhou,28.8724,105.4405,293.15,86,100,0.74,CN,1681167193
167,kabo,7.6994,18.629,301.75,49,99,2.98,CF,1681167195
168,ihosy,-22.4,46.1167,290.9,97,4,1.2,MG,1681167195
169,sumter,28.7086,-82.0831,294.16,86,58,6.46,US,1681167155
170,aiken,33.5835,-81.5998,292.75,24,0,3.09,US,1681167032
171,barcelos,41.5388,-8.6151,288.23,95,67,1.44,PT,1681167199
172,sakaiminato,35.55,133.2333,286.14,94,20,1.54,JP,1681167200
173,anadyr,64.75,177.4833,256.43,60,0,6.0,RU,1681167202
174,san lorenzo,-25.3333,-57.5333,300.67,61,0,0.0,PY,1681167162
175,sur,22.5667,59.5289,299.78,59,24,1.87,OM,1681166914
176,mana,5.6592,-53.7767,298.97,82,96,3.7,GF,1681167204
177,lasa,46.6166,10.7002,281.64,63,100,0.53,IT,1681167205
178,ponta do sol,32.6667,-17.1,294.5,65,0,3.18,PT,1681167207
179,lavrentiya,65.5833,-171.0,251.67,81,23,1.23,RU,1681167208
180,azul,-36.777,-59.8585,290.34,66,77,5.27,AR,1681167209
181,panaba,21.2833,-88.2667,300.83,57,100,6.22,MX,1681167210
182,turbat,26.0023,63.044,299.86,31,75,0.97,PK,1681167211
183,hofn,64.2539,-15.2082,277.57,89,100,5.94,IS,1681167212
184,khed,17.7167,73.3833,299.22,63,0,0.8,IN,1681167212
185,coahuayana,18.7333,-103.6833,303.38,46,100,3.14,MX,1681167213
186,paita,-5.0892,-81.1144,300.2,76,84,2.8,PE,1681167214
187,hualmay,-11.0964,-77.6139,298.02,79,47,4.9,PE,1681167216
188,saldanha,-33.0117,17.9442,282.18,71,23,4.73,ZA,1681167216
189,nakhon nayok,14.1667,101.1,299.79,80,78,2.44,TH,1681167217
190,pevek,69.7008,170.3133,247.63,96,83,2.43,RU,1681167218
191,raga,8.4596,25.678,298.88,62,99,1.99,SS,1681167219
192,khandbari,27.3747,87.2039,290.55,34,0,2.09,NP,1681167219
193,new norfolk,-42.7826,147.0587,286.44,74,100,0.63,AU,1681167220
194,cherskiy,68.75,161.3,256.95,68,2,0.11,RU,1681167221
195,souillac,-20.5167,57.5167,298.36,88,75,0.51,MU,1681167221
196,verkhnyaya inta,65.9811,60.3094,270.69,97,100,7.74,RU,1681167222
197,garissa,-0.4536,39.6401,299.41,73,80,4.78,KE,1681167222
198,airai,-8.9266,125.4092,290.8,87,70,0.98,TL,1681167223
199,santa isabel do rio negro,-0.4139,-65.0192,297.64,88,90,0.57,BR,1681167224
200,millerovo,48.9226,40.3967,281.54,59,100,3.89,RU,1681167225
201,poum,-20.2333,164.0167,300.07,69,1,1.73,NC,1681167226
202,sironj,24.1,77.7,299.17,22,19,1.23,IN,1681167226
203,tripoli,32.8752,13.1875,288.03,59,0,1.44,LY,1681167227
204,palmer,42.1584,-72.3287,292.49,11,20,0.0,US,1681167228
205,arica,-18.475,-70.3042,297.9,68,0,3.6,CL,1681167228
206,luderitz,-26.6481,15.1594,290.14,39,0,6.07,NA,1681167229
207,cabo san lucas,22.8909,-109.9124,301.27,44,98,3.65,MX,1681167188
208,lagoa,39.05,-27.9833,289.03,82,60,4.98,PT,1681167230
209,port-cartier,50.0334,-66.8654,283.97,94,32,2.65,CA,1681167231
210,lewistown,40.5992,-77.5714,293.82,18,0,3.6,US,1681167231
211,kempsey,-31.0833,152.8333,289.79,66,0,0.45,AU,1681167232
212,port hedland,-20.3167,118.5667,297.18,50,97,3.09,AU,1681167232
213,nishihara,26.1842,127.7558,293.75,71,75,4.12,JP,1681167234
214,urumqi,43.801,87.6005,279.68,61,0,1.0,CN,1681167234
215,baghdad,33.3406,44.4009,298.1,38,0,4.12,IQ,1681167235
216,srikakulam,18.3,83.9,300.38,63,0,2.58,IN,1681167235
217,eureka,40.8021,-124.1637,295.23,86,89,2.68,US,1681167057
218,fairhope,30.523,-87.9033,293.02,65,100,6.69,US,1681166978
219,tricase,39.9304,18.3553,282.79,76,98,8.23,IT,1681167207
220,nikolskoye,59.7035,30.7861,277.48,86,100,1.2,RU,1681167237
221,bay city,43.5945,-83.8889,293.33,28,0,7.2,US,1681167183
222,maldonado,-34.6667,-54.9167,293.78,92,23,2.02,UY,1681167238
223,agadez,19.75,10.25,298.88,20,94,5.02,NE,1681167239
224,keelung,25.1283,121.7419,297.07,77,11,1.08,TW,1681167239
225,saint-pierre,-21.3393,55.4781,297.91,94,20,2.06,RE,1681167240
226,narsaq,60.9167,-46.05,281.27,60,94,4.96,GL,1681167240
227,keti bandar,24.1447,67.4497,297.86,71,16,4.05,PK,1681167241
228,shenjiamen,29.9576,122.298,288.49,96,83,7.69,CN,1681167242
229,kaeo,-35.1,173.7833,293.33,97,30,5.37,NZ,1681167244
230,san patricio,28.017,-97.5169,298.24,67,94,3.93,US,1681167244
231,torbay,47.6666,-52.7314,276.35,84,40,1.54,CA,1681167245
232,kayes,14.0,-11.0,306.22,30,93,1.63,ML,1681167246
233,saint george,37.1041,-113.5841,303.85,14,0,3.13,US,1681167247
234,yar-sale,66.8333,70.8333,244.53,96,73,2.52,RU,1681167248
235,ludvika,60.1496,15.1878,276.26,70,100,3.02,SE,1681167131
236,berlevag,70.8578,29.0864,276.15,93,100,7.2,NO,1681167249
237,beled,47.4659,17.0929,275.22,79,2,2.36,HU,1681167250
238,bredasdorp,-34.5322,20.0403,286.18,79,85,3.21,ZA,1681167254
239,mikuni,36.2171,136.1519,289.1,67,1,5.73,JP,1681167256
240,zyryanka,65.75,150.85,257.69,87,100,6.03,RU,1681167257
241,cabesti,46.7667,22.3667,275.67,91,59,1.01,RO,1681167258
242,shelburne,44.0787,-80.2041,291.4,61,99,4.91,CA,1681167125
243,carnarvon,-24.8667,113.6333,294.99,57,43,8.08,AU,1681167260
244,kichera,55.9375,110.0997,259.68,84,16,2.03,RU,1681167261
245,griffith,41.5284,-87.4237,295.4,28,0,2.06,US,1681167262
246,puerto del rosario,28.5004,-13.8627,293.01,73,0,8.23,ES,1681167263
247,hanyang,32.1371,105.5126,288.39,78,100,1.46,CN,1681167264
248,rovnoye,50.7765,46.0509,281.26,50,1,1.7,RU,1681167265
249,palu,-0.8917,119.8707,297.47,91,52,1.09,ID,1681167266
250,lebu,-37.6167,-73.65,288.99,97,79,2.95,CL,1681167267
251,half moon bay,37.4636,-122.4286,299.28,70,100,10.8,US,1681167063
252,corrente,-3.7367,-43.3394,295.93,98,100,1.08,BR,1681167268
253,saint-amand-les-eaux,50.4472,3.4308,283.33,87,61,7.25,FR,1681167269
254,beaverlodge,55.2166,-119.4361,281.79,51,100,6.45,CA,1681167270
255,klaksvik,62.2266,-6.589,279.66,89,100,12.23,FO,1681167271
256,samdari,25.8167,72.5833,302.66,19,100,2.73,IN,1681167272
257,redlands,34.0556,-117.1825,305.41,29,0,4.12,US,1681167272
258,turukhansk,65.8167,87.9833,252.15,95,100,2.66,RU,1681167273
259,tateyama,34.9833,139.8667,291.11,63,20,8.75,JP,1681167274
260,bonham,33.5773,-96.1783,295.37,56,75,3.6,US,1681167275
261,wladyslawowo,54.7909,18.4009,282.0,79,21,4.42,PL,1681167275
262,wanning,18.8003,110.3967,297.2,93,73,3.25,CN,1681167276
263,chapais,49.7834,-74.8492,280.03,98,97,3.56,CA,1681167277
264,sandakan,5.8402,118.1179,298.97,89,20,0.51,MY,1681167277
265,ardakan,32.31,54.0175,293.49,19,10,2.23,IR,1681167279
266,carlos chagas,-17.7031,-40.7664,295.95,84,98,3.91,BR,1681167279
267,gohpur,26.8833,93.6333,293.64,62,2,1.41,IN,1681167280
268,qandala,11.472,49.8728,301.6,64,0,3.84,SO,1681167280
269,kantang,7.4054,99.5156,298.2,100,20,0.0,TH,1681167281
270,ichihara,35.5167,140.0833,292.21,65,0,7.48,JP,1681167281
271,maicao,11.3832,-72.2432,302.62,59,3,5.19,CO,1681167282
272,taoudenni,22.6783,-3.9836,299.82,8,99,7.44,ML,1681167282
273,padang,-0.9492,100.3543,297.87,88,95,1.51,ID,1681167283
274,salalah,17.0151,54.0924,301.2,74,20,2.57,OM,1681167005
275,omboue,-1.5746,9.2618,299.18,84,99,2.16,GA,1681167284
276,ballina,-28.8667,153.5667,292.47,50,1,3.15,AU,1681167284
277,caravelas,-17.7125,-39.2481,298.28,83,57,6.23,BR,1681167285
278,gizo,-8.103,156.8419,301.05,77,100,2.14,SB,1681167285
279,srivardhan,18.0333,73.0167,300.36,65,1,1.94,IN,1681167286
280,batemans bay,-35.7167,150.1833,289.32,53,96,2.28,AU,1681167286
281,yeppoon,-23.1333,150.7333,294.03,40,1,2.81,AU,1681167287
282,sao filipe,14.8961,-24.4956,295.45,68,71,3.81,CV,1681167288
283,ucluelet,48.9329,-125.5528,282.64,87,100,2.52,CA,1681167289
284,petropavlovsk-kamchatskiy,53.0452,158.6483,275.48,60,75,1.0,RU,1681167289
285,koutiala,12.3917,-5.4642,306.46,19,97,2.53,ML,1681167290
286,cardston,49.2,-113.3019,293.31,39,92,5.14,CA,1681167290
287,alta floresta,-9.8756,-56.0861,295.54,98,98,0.49,BR,1681167291
288,saskylakh,71.9167,114.0833,252.16,98,92,4.47,RU,1681167291
289,vostok,46.4856,135.8833,283.15,55,95,1.72,RU,1681167292
290,nasirabad,26.3,74.7333,299.01,14,96,2.13,IN,1681167293
291,marawi,7.9986,124.2928,294.38,83,92,0.33,PH,1681167293
292,castro,-24.7911,-50.0119,289.43,86,35,1.69,BR,1681167294
293,king city,36.2127,-121.126,297.53,37,0,1.55,US,1681167294
294,nome,64.5011,-165.4064,254.35,71,0,2.57,US,1681167231
295,laredo,27.5064,-99.5075,299.31,61,75,4.12,US,1681167295
296,komsomolskiy,40.4272,71.7189,287.55,72,75,1.03,UZ,1681167296
297,nelson bay,-32.7167,152.15,289.31,61,0,6.26,AU,1681167297
298,longyearbyen,78.2186,15.6401,269.06,80,75,3.6,SJ,1681167298
299,dvinskoy,62.1535,45.1175,272.86,92,98,1.35,RU,1681167298
300,grand gaube,-20.0064,57.6608,298.37,83,100,5.61,MU,1681167299
301,alofi,-19.0595,-169.9187,301.09,69,40,6.69,NU,1681167300
302,kavieng,-2.5744,150.7967,300.1,79,100,1.87,PG,1681167300
303,bolitoc,15.7395,119.8769,299.43,75,95,0.33,PH,1681167300
304,vao,-22.6667,167.4833,298.98,77,19,2.76,NC,1681167301
305,shubarshi,48.5872,57.1869,281.07,88,65,2.18,KZ,1681167302
306,tandalti,13.0167,31.8667,302.71,13,100,5.33,SD,1681167303
307,dumalaguing,8.3469,125.055,294.15,90,88,0.39,PH,1681167307
308,severo-kurilsk,50.6789,156.125,272.26,85,93,17.26,RU,1681167238
309,kato mazarakion,38.0667,21.65,285.6,83,100,2.71,GR,1681167309
310,pisco,-13.7,-76.2167,298.18,73,0,9.26,PE,1681167030
311,coquimbo,-29.9533,-71.3436,290.0,88,0,5.14,CL,1681167311
312,tashtyp,52.7939,89.8983,270.38,85,95,1.96,RU,1681167311
313,artyshta,54.1222,86.2909,273.96,64,69,6.63,RU,1681167312
314,sept-iles,50.2001,-66.3821,284.15,33,75,7.72,CA,1681167313
315,sao joao da barra,-21.6403,-41.0511,297.2,75,23,4.13,BR,1681167185
316,shebunino,46.4339,141.8603,279.89,87,79,5.4,RU,1681167315
317,manado,1.487,124.8455,297.58,100,20,0.51,ID,1681167316
318,areosa,41.7178,-8.8571,286.43,93,70,3.08,PT,1681167317
319,quatre cocos,-20.2078,57.7625,298.21,81,99,3.79,MU,1681167318
320,balaghat,21.8,80.1833,300.28,31,7,1.87,IN,1681167318
321,san cristobal,7.7669,-72.225,299.25,67,97,1.55,VE,1681167319
322,trindade,-16.6494,-49.4889,293.01,90,80,0.94,BR,1681167320
323,araouane,18.9048,-3.5265,300.93,15,88,5.66,ML,1681167321
324,ostrovnoy,68.0531,39.5131,274.09,95,100,7.41,RU,1681167321
325,torbat-e jam,35.244,60.6225,288.44,53,5,1.67,IR,1681167322
326,port hawkesbury,45.6169,-61.3485,283.12,62,0,0.45,CA,1681167164
327,sarab,38.6066,44.9883,284.57,75,100,0.81,IR,1681167324
328,roma,43.2128,-75.4557,290.23,29,0,2.57,US,1681167128
329,livermore,37.6819,-121.768,299.75,36,0,0.0,US,1681167326
330,bengbu,32.9408,117.3608,290.5,78,82,2.9,CN,1681167326
331,laguna,38.421,-121.4238,300.75,37,0,2.06,US,1681167327
332,toumodi,6.5613,-5.0158,297.63,86,96,1.97,CI,1681167327
333,great falls,47.5002,-111.3008,297.4,25,0,10.8,US,1681167088
334,otradnoye,59.7775,30.8181,277.57,87,100,1.16,RU,1681167329
335,pampilhosa,40.3377,-8.4268,287.14,97,41,1.13,PT,1681167330
336,chunhuhub,19.55,-88.6833,306.77,26,46,1.76,MX,1681167330
337,lakota,5.8528,-5.6883,296.66,92,93,1.13,CI,1681167331
338,baykit,61.67,96.37,263.07,96,100,1.72,RU,1681167333
339,morwa,22.9,73.8333,301.47,23,46,0.63,IN,1681167334
340,cookeville,36.1628,-85.5016,293.99,30,0,1.54,US,1681167310
341,jodhpur,26.2867,73.03,302.71,16,98,3.36,IN,1681167336
342,dera bugti,29.0307,69.151,298.83,19,18,1.62,PK,1681167337
343,kavaratti,10.5669,72.642,301.05,72,81,2.07,IN,1681167338
344,la plata,-34.9215,-57.9545,294.83,81,36,5.86,AR,1681167339
345,beringovskiy,63.05,179.3167,260.84,80,99,9.0,RU,1681167339
346,lompoc,34.6391,-120.4579,299.14,75,100,4.12,US,1681167340
347,adrar,20.5022,-10.0711,300.61,23,100,7.3,MR,1681167340
348,tezu,27.9167,96.1667,293.61,51,28,2.06,IN,1681167341
349,pringsewu,-5.3582,104.9744,294.87,93,97,1.39,ID,1681167342
350,sorland,67.667,12.6934,278.07,71,0,8.54,NO,1681167343
351,kutum,14.2,24.6667,299.23,12,68,2.73,SD,1681167343
352,cloquet,46.7216,-92.4594,288.81,34,0,5.66,US,1681167343
353,samarai,-10.6167,150.6667,300.92,81,98,2.54,PG,1681167344
354,howard springs,-12.497,131.047,299.1,93,82,2.99,AU,1681167345
355,lawton,34.6087,-98.3903,298.28,43,40,4.12,US,1681167345
356,atar,20.5169,-13.0499,301.52,22,55,1.53,MR,1681167346
357,zdunska wola,51.5992,18.9397,280.55,93,10,2.13,PL,1681167346
358,lumut,4.2323,100.6298,298.16,94,20,1.03,MY,1681167347
359,port blair,11.6667,92.75,300.0,78,38,1.31,IN,1681167347
360,oranjestad,12.524,-70.027,301.12,84,20,11.32,AW,1681167220
361,karratha,-20.7377,116.8463,298.42,40,88,4.79,AU,1681167142
362,korla,41.7597,86.1469,284.21,31,93,1.82,CN,1681167349
363,ambon,-3.6954,128.1814,298.23,94,20,2.06,ID,1681167349
364,ambam,2.3833,11.2833,294.22,99,91,1.27,CM,1681167350
365,vrangel,42.7297,133.0839,279.45,85,100,4.11,RU,1681167351
366,oshkosh,44.0247,-88.5426,295.2,26,0,5.14,US,1681167312
367,numan,9.4667,12.0333,305.98,33,93,2.54,NG,1681167352
368,uarini,-2.99,-65.1083,298.62,86,91,0.99,BR,1681167353
369,hobyo,5.3505,48.5268,301.5,73,87,6.29,SO,1681167353
370,maliig,13.8456,120.1503,299.29,79,96,6.94,PH,1681167354
371,severnyy,50.677,36.5532,279.17,60,0,3.13,RU,1681167354
372,kiama,-34.6833,150.8667,291.25,66,64,2.68,AU,1681167355
373,charters towers,-20.1,146.2667,299.12,32,15,2.43,AU,1681167356
374,darnah,32.767,22.6367,287.1,74,1,8.15,LY,1681167356
375,benguela,-12.5763,13.4055,299.39,82,97,2.86,AO,1681167357
376,iquique,-20.2208,-70.1431,296.17,81,12,2.51,CL,1681167357
377,kidal,18.4411,1.4078,303.01,13,98,6.0,ML,1681167358
378,punta cardon,11.6581,-70.215,299.39,79,62,10.08,VE,1681167358
379,gat,31.61,34.7642,292.82,100,46,6.76,IL,1681167359
380,strezhevoy,60.7333,77.5889,261.78,92,100,7.71,RU,1681167360
381,vestmanna,62.1564,-7.1664,278.66,87,100,10.29,FO,1681167361
382,mecca,21.4267,39.8261,301.05,53,0,1.49,SA,1681167125
383,ulaangom,49.9811,92.0667,264.79,75,60,0.73,MN,1681167362
384,kinablangan,7.6947,126.5503,299.45,77,99,2.3,PH,1681167363
385,grafton,42.207,-71.6856,291.44,13,0,4.12,US,1681167363
386,san luis,-33.295,-66.3356,295.09,52,80,0.41,AR,1681167364
387,muhos,64.808,25.9931,273.03,100,100,1.01,FI,1681167365
388,kruisfontein,-34.0033,24.7314,287.53,68,27,10.51,ZA,1681167366
389,horsham,51.064,-0.3272,282.73,72,40,4.63,GB,1681167366
390,rudnichnyy,59.617,52.4703,270.63,87,29,1.51,RU,1681167367
391,yenagoa,4.9247,6.2642,298.48,90,88,1.69,NG,1681167369
392,la ronge,55.1001,-105.2842,285.29,15,20,6.17,CA,1681167370
393,grindavik,63.8424,-22.4338,278.12,93,75,3.6,IS,1681167371
394,adtuyon,7.8144,124.8557,294.45,82,58,0.57,PH,1681167372
395,iquitos,-3.7481,-73.2472,302.17,74,40,3.09,PE,1681167274
396,high level,58.5169,-117.136,283.21,25,75,3.09,CA,1681167374
397,bonito,-21.1211,-56.4819,296.73,75,77,1.49,BR,1681167374
398,santa lucia,27.9117,-15.5407,290.77,56,0,9.77,ES,1681167375
399,luganville,-15.5333,167.1667,302.65,71,100,2.78,VU,1681167376
400,coos bay,43.3665,-124.2179,283.88,98,100,5.66,US,1681167377
401,sailana,23.4667,74.9167,299.56,21,77,1.06,IN,1681167378
402,senekal,-28.3197,27.6208,282.95,37,0,2.42,ZA,1681167379
403,kamenka,51.3223,42.7678,279.86,52,3,3.04,RU,1681167380
404,port macquarie,-31.4333,152.9167,289.76,51,0,2.31,AU,1681167161
405,makakilo city,21.3469,-158.0858,301.33,61,40,8.75,US,1681167382
406,nacogdoches,31.6002,-94.6335,293.61,72,100,3.6,US,1681167382
407,dzilam gonzalez,21.2833,-88.9333,300.0,66,98,4.21,MX,1681167383
408,andover,51.2083,-1.4825,282.13,78,100,6.17,GB,1681167384
409,pedasi,7.5333,-80.0333,300.96,62,40,5.46,PA,1681167385
410,ketchikan,55.3422,-131.6461,279.41,75,100,4.63,US,1681167386
411,prince george,53.9166,-122.753,282.73,43,75,1.03,CA,1681167211
412,mount pleasant,32.7941,-79.8626,292.23,60,0,4.63,US,1681167388
413,tabou,4.423,-7.3528,300.01,82,100,2.23,CI,1681167388
414,talaya,61.3833,152.75,260.88,79,100,5.81,RU,1681167389
415,fairbanks,64.8378,-147.7164,263.2,59,40,0.45,US,1681167238
416,sinazongwe,-17.2614,27.4618,298.57,49,85,2.11,ZM,1681167391
417,georgetown,5.4112,100.3354,300.11,88,20,1.54,MY,1681167391
418,prado,-17.3411,-39.2208,298.1,84,37,5.66,BR,1681167318
419,joshimath,30.5667,79.5667,282.2,41,1,3.71,IN,1681167393
420,mlowo,-9.0,32.9833,288.87,96,100,0.47,TZ,1681167394
421,margate,51.3813,1.3862,281.41,73,7,2.24,GB,1681167395
422,altay,47.8667,88.1167,274.43,44,98,2.76,CN,1681167396
423,mabaruma,8.2,-59.7833,298.02,81,74,2.29,GY,1681167397
424,bandarbeyla,9.4942,50.8122,300.43,77,41,3.2,SO,1681167398
425,bouar,5.934,15.596,292.4,83,100,1.1,CF,1681167398
426,rajauri,33.3833,74.3,290.12,39,0,3.12,IN,1681167399
427,oranjemund,-28.55,16.4333,286.71,78,0,5.94,NA,1681167400
428,oswego,43.4501,-76.1497,292.12,62,5,1.3,US,1681167400
429,pacasmayo,-7.4006,-79.5714,300.2,75,58,5.53,PE,1681167401
430,tarboro,35.8968,-77.5358,291.36,27,0,3.09,US,1681167289
431,humberto de campos,-2.5983,-43.4611,297.91,91,92,1.67,BR,1681167402
432,porto novo,6.4965,2.6036,302.05,83,98,3.34,BJ,1681167402
433,vlad tepes,44.35,27.0833,283.01,75,100,5.75,RO,1681167403
434,cockburn town,21.4612,-71.1419,299.09,76,87,4.38,TC,1681167152
435,mount isa,-20.7333,139.5,296.02,33,82,2.06,AU,1681167404
436,sinnamary,5.3833,-52.95,298.64,85,100,4.12,GF,1681167405
437,ariquemes,-9.9133,-63.0408,296.96,96,97,0.57,BR,1681167405
438,naze,28.3667,129.4833,292.66,67,43,4.29,JP,1681167406
439,tokur,53.1333,132.9,271.35,92,100,1.4,RU,1681167406
440,ambilobe,-13.2,49.05,295.67,95,40,1.13,MG,1681167407
441,colonia,50.9333,6.95,284.18,85,40,3.09,DE,1681167133
442,antsohihy,-14.8796,47.9875,295.75,96,0,0.8,MG,1681167408
443,kedougou,12.5579,-12.1743,306.06,34,100,0.83,SN,1681167409
444,pemangkat,1.1667,108.9667,297.89,88,99,1.85,ID,1681167410
445,sao jose da coroa grande,-8.8978,-35.1478,299.18,78,90,3.27,BR,1681167410
446,otane,-39.8833,176.6333,295.38,51,16,2.98,NZ,1681167411
447,waipawa,-41.4122,175.5153,290.09,65,28,6.17,NZ,1681167411
448,bathsheba,13.2167,-59.5167,299.49,73,20,7.2,BB,1681167412
449,kenai,60.5544,-151.2583,270.2,81,100,2.06,US,1681167412
450,ponta delgada,37.7333,-25.6667,289.55,88,40,3.09,PT,1681167414
451,tuatapere,-46.1333,167.6833,286.79,98,100,2.02,NZ,1681167414
452,kamyshin,50.0983,45.416,280.92,49,9,2.43,RU,1681167415
453,sao gabriel,-30.3364,-54.32,295.81,51,3,1.94,BR,1681167416
454,nichinan,31.6,131.3667,287.97,67,95,2.97,JP,1681167416
455,norman wells,65.282,-126.8329,270.17,80,100,7.2,CA,1681167417
456,paamiut,61.994,-49.6678,273.0,91,88,2.15,GL,1681167417
457,aguimes,27.9054,-15.4461,293.5,56,0,9.77,ES,1681167418
458,riohacha,11.5444,-72.9072,301.21,78,0,4.63,CO,1681167419
459,okha,53.5739,142.9478,269.29,59,7,2.7,RU,1681167419
460,srednekolymsk,67.45,153.6833,255.37,81,82,2.66,RU,1681167420
461,sao desiderio,-12.3633,-44.9733,298.16,72,91,0.65,BR,1681167420
462,tongren,27.7172,109.1853,291.14,94,3,0.23,CN,1681167421
463,quixada,-4.9714,-39.0153,296.21,95,99,1.65,BR,1681167422
464,progreso,21.2833,-89.6667,303.21,73,97,6.7,MX,1681167422
465,siparia,10.1333,-61.5,300.27,79,74,5.58,TT,1681167423
466,westport,41.1415,-73.3579,290.34,53,0,6.17,US,1681167136
467,mattoon,39.4831,-88.3728,294.84,23,0,2.06,US,1681167425
468,kenora,49.8167,-94.4337,284.69,43,75,8.75,CA,1681167301
469,callaway,30.153,-85.5699,292.18,69,75,4.63,US,1681167426
470,dong hoi,17.4833,106.6,296.91,92,63,1.43,VN,1681167427
471,goundam,16.4145,-3.6708,303.84,23,98,2.56,ML,1681167427
472,gornopravdinsk,60.05,69.9,262.02,88,100,4.15,RU,1681167428
473,gorontalo,0.5412,123.0595,298.53,92,74,1.13,ID,1681167429
474,port hardy,50.6996,-127.4199,282.15,81,75,4.63,CA,1681167430
475,vetluga,57.8557,45.781,274.27,81,43,0.83,RU,1681167431
476,umm kaddadah,13.6017,26.6876,301.64,10,29,5.65,SD,1681167433
477,tibati,6.4667,12.6333,295.69,71,100,1.5,CM,1681167433
478,hauterive,46.0901,3.4459,288.57,86,100,3.54,FR,1681167435
479,ayagoz,47.9714,80.4392,275.73,99,100,1.68,KZ,1681167436
480,husavik,66.0449,-17.3389,275.91,98,100,3.64,IS,1681167437
481,gamba,-2.65,10.0,299.11,86,98,1.47,GA,1681167437
482,arman,59.7,150.1667,269.83,61,100,5.05,RU,1681167438
483,nadym,65.5333,72.5167,251.47,90,99,4.08,RU,1681167439
484,alyangula,-13.8483,136.4192,300.7,76,97,2.88,AU,1681167440
485,bartica,6.4,-58.6167,302.33,73,93,2.76,GY,1681167441
486,mildura,-34.2,142.15,285.97,93,49,2.23,AU,1681167442
487,sokol,59.4617,40.1206,273.0,90,15,1.52,RU,1681167443
488,bati,11.1833,40.0167,291.37,68,87,2.27,ET,1681167444
489,wasilla,61.5814,-149.4394,271.13,72,20,2.06,US,1681167172
490,oktyabrskiy,54.4815,53.471,276.1,75,8,1.64,RU,1681167446
491,taree,-31.9,152.4667,291.05,55,0,2.62,AU,1681167447
492,crotone,39.0851,17.1178,284.66,74,79,12.03,IT,1681167448
493,amlagora,22.8333,87.3333,300.34,23,8,2.62,IN,1681167449
494,manati,18.4275,-66.4921,300.91,90,13,1.61,PR,1681167450
495,kargil,34.5667,76.1,267.59,64,7,1.26,IN,1681167451
496,keetmanshoop,-26.5833,18.1333,287.26,21,0,3.79,NA,1681167452
497,mascote,-15.5631,-39.3025,295.77,99,87,0.91,BR,1681167453
498,nouakchott,18.0858,-15.9785,292.11,90,27,6.61,MR,1681167378
499,kodinsk,58.6881,99.1844,269.22,95,100,3.87,RU,1681167454
500,ussel,45.55,2.3167,282.89,98,100,3.23,FR,1681167455
501,carballo,43.213,-8.691,286.99,93,100,0.6,ES,1681167456
502,george town,5.4112,100.3354,300.11,88,20,1.54,MY,1681167457
503,noumea,-22.2763,166.4572,302.14,99,38,1.36,NC,1681167457
504,maragogi,-9.0122,-35.2225,299.04,78,95,3.16,BR,1681167296
505,sao felix do xingu,-6.6447,-51.995,296.83,95,67,0.15,BR,1681167459
506,kerteminde,55.449,10.6577,281.8,82,100,12.11,DK,1681167460
507,ternate,0.8,127.4,300.38,80,34,2.29,ID,1681167461
508,aswan,24.0934,32.907,300.76,32,100,5.66,EG,1681167462
509,nara,34.6851,135.8049,287.31,49,0,1.15,JP,1681167260
510,kawardha,22.0167,81.25,299.33,27,15,2.4,IN,1681167462
511,tabory,58.5198,64.5495,268.99,68,32,3.65,RU,1681167463
512,bagdarin,54.4333,113.6,262.97,57,100,7.06,RU,1681167464
513,camana,-16.6228,-72.7111,295.51,82,47,2.05,PE,1681167464
514,macusani,-14.0833,-70.4333,275.32,99,94,1.38,PE,1681167465
515,ormskirk,53.5668,-2.8818,281.21,80,94,10.43,GB,1681167465
516,kieta,-6.2167,155.6333,301.61,74,100,3.25,PG,1681167466
517,kargasok,59.0556,80.8572,261.94,86,100,8.06,RU,1681167467
518,valparaiso,-33.0393,-71.6273,296.28,56,0,4.12,CL,1681167369
519,thohoyandou,-22.9456,30.485,291.69,82,97,1.01,ZA,1681167468
520,nizwa,22.9333,57.5333,295.73,57,15,1.68,OM,1681167469
521,sisimiut,66.9395,-53.6735,268.64,91,38,4.22,GL,1681167470
522,perigueux,45.1833,0.7167,286.82,84,100,3.32,FR,1681167470
523,cartagena,10.3997,-75.5144,301.94,74,40,7.2,CO,1681167191
524,yekaterinoslavka,50.3734,129.1139,278.9,70,46,2.32,RU,1681167471
525,notse,6.95,1.1667,299.32,80,100,2.31,TG,1681167472
526,susanville,40.4163,-120.653,295.06,26,75,7.72,US,1681167472
527,miles city,46.4083,-105.8406,299.69,21,0,5.66,US,1681167473
528,mookane,-23.688,26.6595,291.45,71,100,1.14,BW,1681167474
529,atambua,-9.1061,124.8925,296.93,88,55,1.45,ID,1681167474
530,san vicente,-26.6167,-54.1333,294.77,70,95,1.1,AR,1681167475
531,maracaibo,10.6317,-71.6406,302.67,64,27,4.23,VE,1681167475
532,derzhavinsk,51.1,66.3167,278.1,62,3,3.88,KZ,1681167478
533,zhangye,38.9342,100.4517,280.85,42,54,1.57,CN,1681167478
534,pascagoula,30.3658,-88.5561,296.18,65,40,4.63,US,1681167479
535,bubaque,11.2833,-15.8333,297.89,73,57,7.31,GW,1681167479
536,ust-omchug,61.15,149.6333,259.76,87,99,5.11,RU,1681167480
537,rosita,13.9268,-84.4032,298.87,68,91,1.19,NI,1681167480
538,hamilton,39.1834,-84.5333,294.12,24,0,2.06,US,1681167481
539,byron bay,-28.65,153.6167,292.43,51,1,1.94,AU,1681167075
540,farmington,36.7281,-108.2187,299.53,11,0,0.0,US,1681167482
541,teguldet,57.3064,88.1667,273.71,81,98,5.61,RU,1681167483
542,shingu,33.7333,135.9833,290.4,66,67,3.29,JP,1681167484
543,bilibino,68.0546,166.4372,255.9,80,6,1.87,RU,1681167484
544,beloha,-25.1667,45.05,294.43,96,1,1.69,MG,1681167485
545,timmins,48.4669,-81.3331,289.05,33,100,4.12,CA,1681167362
546,tautira,-17.7333,-149.15,300.1,77,91,3.93,PF,1681167487
547,kyra,49.5776,111.9753,263.15,46,83,11.41,RU,1681167488
548,kuytun,54.3419,101.5036,265.42,83,97,3.15,RU,1681167489
549,sharan,54.8167,54.0,275.27,72,5,2.17,RU,1681167490
550,la palma,33.8464,-118.0467,305.35,65,20,4.63,US,1681167491
551,santiago,-33.4569,-70.6483,299.84,26,0,6.69,CL,1681167418
552,imperial,33.0334,-115.4175,309.27,9,0,1.2,US,1681167493
553,simao,22.7886,100.9748,289.19,44,5,0.35,CN,1681167493
554,bereda,43.2686,-7.5406,286.01,100,98,0.83,ES,1681167495
555,bogorodskoye,56.55,37.8833,278.85,83,39,1.61,RU,1681167495
556,sambava,-14.2667,50.1667,296.58,93,76,2.19,MG,1681167496
557,yulara,-25.2406,130.9889,298.61,30,100,4.85,AU,1681167497
558,stephenville,32.2207,-98.2023,297.59,41,40,2.57,US,1681167498
559,gainesville,29.6516,-82.3248,291.34,71,100,7.72,US,1681167390
560,bad mergentheim,49.4925,9.7736,286.51,53,75,3.6,DE,1681167500
561,socorro,31.6546,-106.3033,303.43,15,40,1.54,US,1681167501
